n,sum_radii,max_violation,record_20261001,delta,feasible
182,7.138717441904,0.00e+00,7.138696832806,+2.061e-05,1
183,7.158914812164,0.00e+00,7.158659503357,+2.553e-04,1
185,7.198651480616,0.00e+00,7.197625081950,+1.026e-03,1
188,7.257784502074,0.00e+00,7.256806779802,+9.777e-04,1
189,7.277955287193,0.00e+00,7.277259920003,+6.954e-04,1
190,7.298004708829,0.00e+00,7.297283358464,+7.214e-04,1
191,7.317709106344,0.00e+00,7.314938403871,+2.771e-03,1
192,7.337281474124,0.00e+00,7.336598450128,+6.830e-04,1
193,7.357357788350,0.00e+00,7.357305320712,+5.247e-05,1
194,7.377183819174,0.00e+00,7.376248679483,+9.351e-04,1
195,7.397295373669,0.00e+00,7.395054318099,+2.241e-03,1
196,7.417474619912,0.00e+00,7.414752186446,+2.722e-03,1
197,7.436323901330,0.00e+00,7.435507140839,+8.168e-04,1
198,7.456737445639,0.00e+00,7.454135017058,+2.602e-03,1
200,7.494071021855,0.00e+00,7.493815304616,+2.557e-04,1
